DateObserved,HourObserved,LocalTimeZone,ReportingArea,StateCode,Latitude,Longitude,ParameterName,AQI,Category
2018-01-01,0,PST,San Francisco,CA,37.75,-122.43,OZONE,13,"{'Number': 1, 'Name': 'Good'}"
2018-01-01,0,PST,San Francisco,CA,37.75,-122.43,PM2.5,75,"{'Number': 2, 'Name': 'Moderate'}"
2018-01-02,0,PST,San Francisco,CA,37.75,-122.43,OZONE,8,"{'Number': 1, 'Name': 'Good'}"
2018-01-02,0,PST,San Francisco,CA,37.75,-122.43,PM2.5,84,"{'Number': 2, 'Name': 'Moderate'}"
2018-01-03,0,PST,San Francisco,CA,37.75,-122.43,OZONE,5,"{'Number': 1, 'Name': 'Good'}"
2018-01-03,0,PST,San Francisco,CA,37.75,-122.43,PM2.5,111,"{'Number': 3, 'Name': 'Unhealthy for Sensitive Groups'}"
2018-01-04,0,PST,San Francisco,CA,37.75,-122.43,OZONE,17,"{'Number': 1, 'Name': 'Good'}"
2018-01-04,0,PST,San Francisco,CA,37.75,-122.43,PM2.5,63,"{'Number': 2, 'Name': 'Moderate'}"
2018-01-05,0,PST,San Francisco,CA,37.75,-122.43,OZONE,25,"{'Number': 1, 'Name': 'Good'}"
2018-01-05,0,PST,San Francisco,CA,37.75,-122.43,PM2.5,29,"{'Number': 1, 'Name': 'Good'}"
2018-01-06,0,PST,San Francisco,CA,37.75,-122.43,OZONE,23,"{'Number': 1, 'Name': 'Good'}"
2018-01-06,0,PST,San Francisco,CA,37.75,-122.43,PM2.5,45,"{'Number': 1, 'Name': 'Good'}"
2018-01-07,0,PST,San Francisco,CA,37.75,-122.43,OZONE,7,"{'Number': 1, 'Name': 'Good'}"
2018-01-07,0,PST,San Francisco,CA,37.75,-122.43,PM2.5,58,"{'Number': 2, 'Name': 'Moderate'}"
2018-01-08,0,PST,San Francisco,CA,37.75,-122.43,OZONE,3,"{'Number': 1, 'Name': 'Good'}"
2018-01-08,0,PST,San Francisco,CA,37.75,-122.43,PM2.5,50,"{'Number': 1, 'Name': 'Good'}"
2018-01-09,0,PST,San Francisco,CA,37.75,-122.43,OZONE,27,"{'Number': 1, 'Name': 'Good'}"
2018-01-09,0,PST,San Francisco,CA,37.75,-122.43,PM2.5,24,"{'Number': 1, 'Name': 'Good'}"
2018-01-10,0,PST,San Francisco,CA,37.75,-122.43,OZONE,22,"{'Number': 1, 'Name': 'Good'}"
2018-01-10,0,PST,San Francisco,CA,37.75,-122.43,PM2.5,43,"{'Number': 1, 'Name': 'Good'}"
2018-01-11,0,PST,San Francisco,CA,37.75,-122.43,OZONE,14,"{'Number': 1, 'Name': 'Good'}"
2018-01-11,0,PST,San Francisco,CA,37.75,-122.43,PM2.5,61,"{'Number': 2, 'Name': 'Moderate'}"
2018-01-12,0,PST,San Francisco,CA,37.75,-122.43,OZONE,13,"{'Number': 1, 'Name': 'Good'}"
2018-01-12,0,PST,San Francisco,CA,37.75,-122.43,PM2.5,59,"{'Number': 2, 'Name': 'Moderate'}"
2018-01-13,0,PST,San Francisco,CA,37.75,-122.43,OZONE,16,"{'Number': 1, 'Name': 'Good'}"
2018-01-13,0,PST,San Francisco,CA,37.75,-122.43,PM2.5,61,"{'Number': 2, 'Name': 'Moderate'}"
2018-01-14,0,PST,San Francisco,CA,37.75,-122.43,OZONE,11,"{'Number': 1, 'Name': 'Good'}"
2018-01-14,0,PST,San Francisco,CA,37.75,-122.43,PM2.5,75,"{'Number': 2, 'Name': 'Moderate'}"
2018-01-15,0,PST,San Francisco,CA,37.75,-122.43,OZONE,13,"{'Number': 1, 'Name': 'Good'}"
2018-01-15,0,PST,San Francisco,CA,37.75,-122.43,PM2.5,82,"{'Number': 2, 'Name': 'Moderate'}"
2018-01-16,0,PST,San Francisco,CA,37.75,-122.43,OZONE,6,"{'Number': 1, 'Name': 'Good'}"
2018-01-16,0,PST,San Francisco,CA,37.75,-122.43,PM2.5,72,"{'Number': 2, 'Name': 'Moderate'}"
2018-01-17,0,PST,San Francisco,CA,37.75,-122.43,OZONE,10,"{'Number': 1, 'Name': 'Good'}"
2018-01-17,0,PST,San Francisco,CA,37.75,-122.43,PM2.5,79,"{'Number': 2, 'Name': 'Moderate'}"
2018-01-18,0,PST,San Francisco,CA,37.75,-122.43,OZONE,30,"{'Number': 1, 'Name': 'Good'}"
2018-01-18,0,PST,San Francisco,CA,37.75,-122.43,PM2.5,71,"{'Number': 2, 'Name': 'Moderate'}"
2018-01-19,0,PST,San Francisco,CA,37.75,-122.43,OZONE,28,"{'Number': 1, 'Name': 'Good'}"
2018-01-19,0,PST,San Francisco,CA,37.75,-122.43,PM2.5,42,"{'Number': 1, 'Name': 'Good'}"
2018-01-20,0,PST,San Francisco,CA,37.75,-122.43,OZONE,25,"{'Number': 1, 'Name': 'Good'}"
2018-01-20,0,PST,San Francisco,CA,37.75,-122.43,PM2.5,51,"{'Number': 2, 'Name': 'Moderate'}"
2018-01-21,0,PST,San Francisco,CA,37.75,-122.43,OZONE,28,"{'Number': 1, 'Name': 'Good'}"
2018-01-21,0,PST,San Francisco,CA,37.75,-122.43,PM2.5,54,"{'Number': 2, 'Name': 'Moderate'}"
2018-01-22,0,PST,San Francisco,CA,37.75,-122.43,OZONE,29,"{'Number': 1, 'Name': 'Good'}"
2018-01-22,0,PST,San Francisco,CA,37.75,-122.43,PM2.5,25,"{'Number': 1, 'Name': 'Good'}"
2018-01-23,0,PST,San Francisco,CA,37.75,-122.43,OZONE,19,"{'Number': 1, 'Name': 'Good'}"
2018-01-23,0,PST,San Francisco,CA,37.75,-122.43,PM2.5,53,"{'Number': 2, 'Name': 'Moderate'}"
2018-01-24,0,PST,San Francisco,CA,37.75,-122.43,OZONE,31,"{'Number': 1, 'Name': 'Good'}"
2018-01-24,0,PST,San Francisco,CA,37.75,-122.43,PM2.5,52,"{'Number': 2, 'Name': 'Moderate'}"
2018-01-25,0,PST,San Francisco,CA,37.75,-122.43,OZONE,31,"{'Number': 1, 'Name': 'Good'}"
2018-01-25,0,PST,San Francisco,CA,37.75,-122.43,PM2.5,44,"{'Number': 1, 'Name': 'Good'}"
2018-01-26,0,PST,San Francisco,CA,37.75,-122.43,OZONE,25,"{'Number': 1, 'Name': 'Good'}"
2018-01-26,0,PST,San Francisco,CA,37.75,-122.43,PM2.5,52,"{'Number': 2, 'Name': 'Moderate'}"
2018-01-27,0,PST,San Francisco,CA,37.75,-122.43,OZONE,23,"{'Number': 1, 'Name': 'Good'}"
2018-01-27,0,PST,San Francisco,CA,37.75,-122.43,PM2.5,41,"{'Number': 1, 'Name': 'Good'}"
2018-01-28,0,PST,San Francisco,CA,37.75,-122.43,OZONE,19,"{'Number': 1, 'Name': 'Good'}"
2018-01-28,0,PST,San Francisco,CA,37.75,-122.43,PM2.5,28,"{'Number': 1, 'Name': 'Good'}"
2018-01-29,0,PST,San Francisco,CA,37.75,-122.43,OZONE,12,"{'Number': 1, 'Name': 'Good'}"
2018-01-29,0,PST,San Francisco,CA,37.75,-122.43,PM2.5,66,"{'Number': 2, 'Name': 'Moderate'}"
2018-01-30,0,PST,San Francisco,CA,37.75,-122.43,OZONE,13,"{'Number': 1, 'Name': 'Good'}"
2018-01-30,0,PST,San Francisco,CA,37.75,-122.43,PM2.5,58,"{'Number': 2, 'Name': 'Moderate'}"
2018-01-31,0,PST,San Francisco,CA,37.75,-122.43,OZONE,11,"{'Number': 1, 'Name': 'Good'}"
2018-01-31,0,PST,San Francisco,CA,37.75,-122.43,PM2.5,66,"{'Number': 2, 'Name': 'Moderate'}"
2018-02-01,0,PST,San Francisco,CA,37.75,-122.43,OZONE,16,"{'Number': 1, 'Name': 'Good'}"
2018-02-01,0,PST,San Francisco,CA,37.75,-122.43,PM2.5,60,"{'Number': 2, 'Name': 'Moderate'}"
2018-02-02,0,PST,San Francisco,CA,37.75,-122.43,OZONE,13,"{'Number': 1, 'Name': 'Good'}"
2018-02-02,0,PST,San Francisco,CA,37.75,-122.43,PM2.5,58,"{'Number': 2, 'Name': 'Moderate'}"
2018-02-03,0,PST,San Francisco,CA,37.75,-122.43,OZONE,25,"{'Number': 1, 'Name': 'Good'}"
2018-02-03,0,PST,San Francisco,CA,37.75,-122.43,PM2.5,57,"{'Number': 2, 'Name': 'Moderate'}"
2018-02-04,0,PST,San Francisco,CA,37.75,-122.43,OZONE,19,"{'Number': 1, 'Name': 'Good'}"
2018-02-04,0,PST,San Francisco,CA,37.75,-122.43,PM2.5,55,"{'Number': 2, 'Name': 'Moderate'}"
2018-02-05,0,PST,San Francisco,CA,37.75,-122.43,OZONE,13,"{'Number': 1, 'Name': 'Good'}"
2018-02-05,0,PST,San Francisco,CA,37.75,-122.43,PM2.5,64,"{'Number': 2, 'Name': 'Moderate'}"
2018-02-06,0,PST,San Francisco,CA,37.75,-122.43,OZONE,31,"{'Number': 1, 'Name': 'Good'}"
2018-02-06,0,PST,San Francisco,CA,37.75,-122.43,PM2.5,42,"{'Number': 1, 'Name': 'Good'}"
2018-02-07,0,PST,San Francisco,CA,37.75,-122.43,OZONE,28,"{'Number': 1, 'Name': 'Good'}"
2018-02-07,0,PST,San Francisco,CA,37.75,-122.43,PM2.5,63,"{'Number': 2, 'Name': 'Moderate'}"
2018-02-08,0,PST,San Francisco,CA,37.75,-122.43,OZONE,24,"{'Number': 1, 'Name': 'Good'}"
2018-02-08,0,PST,San Francisco,CA,37.75,-122.43,PM2.5,84,"{'Number': 2, 'Name': 'Moderate'}"
2018-02-09,0,PST,San Francisco,CA,37.75,-122.43,OZONE,20,"{'Number': 1, 'Name': 'Good'}"
2018-02-09,0,PST,San Francisco,CA,37.75,-122.43,PM2.5,63,"{'Number': 2, 'Name': 'Moderate'}"
2018-02-10,0,PST,San Francisco,CA,37.75,-122.43,OZONE,31,"{'Number': 1, 'Name': 'Good'}"
2018-02-10,0,PST,San Francisco,CA,37.75,-122.43,PM2.5,50,"{'Number': 1, 'Name': 'Good'}"
2018-02-11,0,PST,San Francisco,CA,37.75,-122.43,OZONE,31,"{'Number': 1, 'Name': 'Good'}"
2018-02-11,0,PST,San Francisco,CA,37.75,-122.43,PM2.5,48,"{'Number': 1, 'Name': 'Good'}"
2018-02-12,0,PST,San Francisco,CA,37.75,-122.43,OZONE,27,"{'Number': 1, 'Name': 'Good'}"
2018-02-12,0,PST,San Francisco,CA,37.75,-122.43,PM2.5,31,"{'Number': 1, 'Name': 'Good'}"
2018-02-13,0,PST,San Francisco,CA,37.75,-122.43,OZONE,26,"{'Number': 1, 'Name': 'Good'}"
2018-02-13,0,PST,San Francisco,CA,37.75,-122.43,PM2.5,37,"{'Number': 1, 'Name': 'Good'}"
2018-02-14,0,PST,San Francisco,CA,37.75,-122.43,OZONE,30,"{'Number': 1, 'Name': 'Good'}"
2018-02-14,0,PST,San Francisco,CA,37.75,-122.43,PM2.5,54,"{'Number': 2, 'Name': 'Moderate'}"
2018-02-15,0,PST,San Francisco,CA,37.75,-122.43,OZONE,30,"{'Number': 1, 'Name': 'Good'}"
2018-02-15,0,PST,San Francisco,CA,37.75,-122.43,PM2.5,47,"{'Number': 1, 'Name': 'Good'}"
2018-02-16,0,PST,San Francisco,CA,37.75,-122.43,OZONE,21,"{'Number': 1, 'Name': 'Good'}"
2018-02-16,0,PST,San Francisco,CA,37.75,-122.43,PM2.5,59,"{'Number': 2, 'Name': 'Moderate'}"
2018-02-17,0,PST,San Francisco,CA,37.75,-122.43,OZONE,27,"{'Number': 1, 'Name': 'Good'}"
2018-02-17,0,PST,San Francisco,CA,37.75,-122.43,PM2.5,55,"{'Number': 2, 'Name': 'Moderate'}"
2018-02-18,0,PST,San Francisco,CA,37.75,-122.43,OZONE,36,"{'Number': 1, 'Name': 'Good'}"
2018-02-19,0,PST,San Francisco,CA,37.75,-122.43,OZONE,32,"{'Number': 1, 'Name': 'Good'}"
2018-02-20,0,PST,San Francisco,CA,37.75,-122.43,OZONE,29,"{'Number': 1, 'Name': 'Good'}"
2018-02-21,0,PST,San Francisco,CA,37.75,-122.43,OZONE,30,"{'Number': 1, 'Name': 'Good'}"
2018-02-21,0,PST,San Francisco,CA,37.75,-122.43,PM2.5,47,"{'Number': 1, 'Name': 'Good'}"
2018-02-22,0,PST,San Francisco,CA,37.75,-122.43,OZONE,31,"{'Number': 1, 'Name': 'Good'}"
2018-02-22,0,PST,San Francisco,CA,37.75,-122.43,PM2.5,39,"{'Number': 1, 'Name': 'Good'}"
2018-02-23,0,PST,San Francisco,CA,37.75,-122.43,OZONE,28,"{'Number': 1, 'Name': 'Good'}"
2018-02-23,0,PST,San Francisco,CA,37.75,-122.43,PM2.5,40,"{'Number': 1, 'Name': 'Good'}"
2018-02-24,0,PST,San Francisco,CA,37.75,-122.43,OZONE,31,"{'Number': 1, 'Name': 'Good'}"
2018-02-24,0,PST,San Francisco,CA,37.75,-122.43,PM2.5,45,"{'Number': 1, 'Name': 'Good'}"
2018-02-25,0,PST,San Francisco,CA,37.75,-122.43,OZONE,32,"{'Number': 1, 'Name': 'Good'}"
2018-02-25,0,PST,San Francisco,CA,37.75,-122.43,PM2.5,40,"{'Number': 1, 'Name': 'Good'}"
2018-02-26,0,PST,San Francisco,CA,37.75,-122.43,OZONE,31,"{'Number': 1, 'Name': 'Good'}"
2018-02-26,0,PST,San Francisco,CA,37.75,-122.43,PM2.5,31,"{'Number': 1, 'Name': 'Good'}"
2018-02-27,0,PST,San Francisco,CA,37.75,-122.43,OZONE,31,"{'Number': 1, 'Name': 'Good'}"
2018-02-27,0,PST,San Francisco,CA,37.75,-122.43,PM2.5,29,"{'Number': 1, 'Name': 'Good'}"
2018-02-28,0,PST,San Francisco,CA,37.75,-122.43,OZONE,26,"{'Number': 1, 'Name': 'Good'}"
2018-02-28,0,PST,San Francisco,CA,37.75,-122.43,PM2.5,42,"{'Number': 1, 'Name': 'Good'}"
2018-03-01,0,PST,San Francisco,CA,37.75,-122.43,OZONE,34,"{'Number': 1, 'Name': 'Good'}"
2018-03-01,0,PST,San Francisco,CA,37.75,-122.43,PM2.5,28,"{'Number': 1, 'Name': 'Good'}"
2018-03-02,0,PST,San Francisco,CA,37.75,-122.43,OZONE,31,"{'Number': 1, 'Name': 'Good'}"
2018-03-02,0,PST,San Francisco,CA,37.75,-122.43,PM2.5,28,"{'Number': 1, 'Name': 'Good'}"
2018-03-03,0,PST,San Francisco,CA,37.75,-122.43,OZONE,33,"{'Number': 1, 'Name': 'Good'}"
2018-03-03,0,PST,San Francisco,CA,37.75,-122.43,PM2.5,33,"{'Number': 1, 'Name': 'Good'}"
2018-03-04,0,PST,San Francisco,CA,37.75,-122.43,OZONE,31,"{'Number': 1, 'Name': 'Good'}"
2018-03-04,0,PST,San Francisco,CA,37.75,-122.43,PM2.5,26,"{'Number': 1, 'Name': 'Good'}"
2018-03-05,0,PST,San Francisco,CA,37.75,-122.43,OZONE,27,"{'Number': 1, 'Name': 'Good'}"
2018-03-05,0,PST,San Francisco,CA,37.75,-122.43,PM2.5,25,"{'Number': 1, 'Name': 'Good'}"
2018-03-06,0,PST,San Francisco,CA,37.75,-122.43,OZONE,26,"{'Number': 1, 'Name': 'Good'}"
2018-03-06,0,PST,San Francisco,CA,37.75,-122.43,PM2.5,43,"{'Number': 1, 'Name': 'Good'}"
2018-03-07,0,PST,San Francisco,CA,37.75,-122.43,OZONE,37,"{'Number': 1, 'Name': 'Good'}"
2018-03-07,0,PST,San Francisco,CA,37.75,-122.43,PM2.5,51,"{'Number': 2, 'Name': 'Moderate'}"
2018-03-08,0,PST,San Francisco,CA,37.75,-122.43,OZONE,23,"{'Number': 1, 'Name': 'Good'}"
2018-03-08,0,PST,San Francisco,CA,37.75,-122.43,PM2.5,26,"{'Number': 1, 'Name': 'Good'}"
2018-03-09,0,PST,San Francisco,CA,37.75,-122.43,OZONE,21,"{'Number': 1, 'Name': 'Good'}"
2018-03-09,0,PST,San Francisco,CA,37.75,-122.43,PM2.5,13,"{'Number': 1, 'Name': 'Good'}"
2018-03-10,0,PST,San Francisco,CA,37.75,-122.43,OZONE,16,"{'Number': 1, 'Name': 'Good'}"
2018-03-10,0,PST,San Francisco,CA,37.75,-122.43,PM2.5,22,"{'Number': 1, 'Name': 'Good'}"
2018-03-11,0,PST,San Francisco,CA,37.75,-122.43,OZONE,25,"{'Number': 1, 'Name': 'Good'}"
2018-03-11,0,PST,San Francisco,CA,37.75,-122.43,PM2.5,54,"{'Number': 2, 'Name': 'Moderate'}"
2018-03-12,0,PST,San Francisco,CA,37.75,-122.43,OZONE,19,"{'Number': 1, 'Name': 'Good'}"
2018-03-12,0,PST,San Francisco,CA,37.75,-122.43,PM2.5,24,"{'Number': 1, 'Name': 'Good'}"
2018-03-13,0,PST,San Francisco,CA,37.75,-122.43,OZONE,32,"{'Number': 1, 'Name': 'Good'}"
2018-03-13,0,PST,San Francisco,CA,37.75,-122.43,PM2.5,4,"{'Number': 1, 'Name': 'Good'}"
2018-03-14,0,PST,San Francisco,CA,37.75,-122.43,OZONE,33,"{'Number': 1, 'Name': 'Good'}"
2018-03-14,0,PST,San Francisco,CA,37.75,-122.43,PM2.5,9,"{'Number': 1, 'Name': 'Good'}"
2018-03-15,0,PST,San Francisco,CA,37.75,-122.43,OZONE,31,"{'Number': 1, 'Name': 'Good'}"
2018-03-15,0,PST,San Francisco,CA,37.75,-122.43,PM2.5,26,"{'Number': 1, 'Name': 'Good'}"
2018-03-16,0,PST,San Francisco,CA,37.75,-122.43,OZONE,31,"{'Number': 1, 'Name': 'Good'}"
2018-03-16,0,PST,San Francisco,CA,37.75,-122.43,PM2.5,31,"{'Number': 1, 'Name': 'Good'}"
2018-03-17,0,PST,San Francisco,CA,37.75,-122.43,OZONE,30,"{'Number': 1, 'Name': 'Good'}"
2018-03-17,0,PST,San Francisco,CA,37.75,-122.43,PM2.5,31,"{'Number': 1, 'Name': 'Good'}"
2018-03-18,0,PST,San Francisco,CA,37.75,-122.43,OZONE,22,"{'Number': 1, 'Name': 'Good'}"
2018-03-18,0,PST,San Francisco,CA,37.75,-122.43,PM2.5,47,"{'Number': 1, 'Name': 'Good'}"
2018-03-19,0,PST,San Francisco,CA,37.75,-122.43,OZONE,20,"{'Number': 1, 'Name': 'Good'}"
2018-03-19,0,PST,San Francisco,CA,37.75,-122.43,PM2.5,48,"{'Number': 1, 'Name': 'Good'}"
2018-03-20,0,PST,San Francisco,CA,37.75,-122.43,OZONE,22,"{'Number': 1, 'Name': 'Good'}"
2018-03-20,0,PST,San Francisco,CA,37.75,-122.43,PM2.5,42,"{'Number': 1, 'Name': 'Good'}"
2018-03-21,0,PST,San Francisco,CA,37.75,-122.43,OZONE,28,"{'Number': 1, 'Name': 'Good'}"
2018-03-21,0,PST,San Francisco,CA,37.75,-122.43,PM2.5,10,"{'Number': 1, 'Name': 'Good'}"
2018-03-22,0,PST,San Francisco,CA,37.75,-122.43,OZONE,33,"{'Number': 1, 'Name': 'Good'}"
2018-03-22,0,PST,San Francisco,CA,37.75,-122.43,PM2.5,19,"{'Number': 1, 'Name': 'Good'}"
2018-03-23,0,PST,San Francisco,CA,37.75,-122.43,OZONE,31,"{'Number': 1, 'Name': 'Good'}"
2018-03-23,0,PST,San Francisco,CA,37.75,-122.43,PM2.5,39,"{'Number': 1, 'Name': 'Good'}"
2018-03-24,0,PST,San Francisco,CA,37.75,-122.43,OZONE,34,"{'Number': 1, 'Name': 'Good'}"
2018-03-24,0,PST,San Francisco,CA,37.75,-122.43,PM2.5,42,"{'Number': 1, 'Name': 'Good'}"
2018-03-25,0,PST,San Francisco,CA,37.75,-122.43,OZONE,31,"{'Number': 1, 'Name': 'Good'}"
2018-03-25,0,PST,San Francisco,CA,37.75,-122.43,PM2.5,34,"{'Number': 1, 'Name': 'Good'}"
2018-03-26,0,PST,San Francisco,CA,37.75,-122.43,OZONE,25,"{'Number': 1, 'Name': 'Good'}"
2018-03-26,0,PST,San Francisco,CA,37.75,-122.43,PM2.5,40,"{'Number': 1, 'Name': 'Good'}"
2018-03-27,0,PST,San Francisco,CA,37.75,-122.43,OZONE,24,"{'Number': 1, 'Name': 'Good'}"
2018-03-27,0,PST,San Francisco,CA,37.75,-122.43,PM2.5,54,"{'Number': 2, 'Name': 'Moderate'}"
2018-03-28,0,PST,San Francisco,CA,37.75,-122.43,OZONE,31,"{'Number': 1, 'Name': 'Good'}"
2018-03-28,0,PST,San Francisco,CA,37.75,-122.43,PM2.5,60,"{'Number': 2, 'Name': 'Moderate'}"
2018-03-29,0,PST,San Francisco,CA,37.75,-122.43,OZONE,35,"{'Number': 1, 'Name': 'Good'}"
2018-03-29,0,PST,San Francisco,CA,37.75,-122.43,PM2.5,60,"{'Number': 2, 'Name': 'Moderate'}"
2018-03-30,0,PST,San Francisco,CA,37.75,-122.43,OZONE,34,"{'Number': 1, 'Name': 'Good'}"
2018-03-30,0,PST,San Francisco,CA,37.75,-122.43,PM2.5,58,"{'Number': 2, 'Name': 'Moderate'}"
2018-03-31,0,PST,San Francisco,CA,37.75,-122.43,OZONE,28,"{'Number': 1, 'Name': 'Good'}"
2018-03-31,0,PST,San Francisco,CA,37.75,-122.43,PM2.5,53,"{'Number': 2, 'Name': 'Moderate'}"
2018-04-01,0,PST,San Francisco,CA,37.75,-122.43,OZONE,37,"{'Number': 1, 'Name': 'Good'}"
2018-04-01,0,PST,San Francisco,CA,37.75,-122.43,PM2.5,59,"{'Number': 2, 'Name': 'Moderate'}"
2018-04-02,0,PST,San Francisco,CA,37.75,-122.43,OZONE,36,"{'Number': 1, 'Name': 'Good'}"
2018-04-02,0,PST,San Francisco,CA,37.75,-122.43,PM2.5,57,"{'Number': 2, 'Name': 'Moderate'}"
2018-04-03,0,PST,San Francisco,CA,37.75,-122.43,OZONE,33,"{'Number': 1, 'Name': 'Good'}"
2018-04-03,0,PST,San Francisco,CA,37.75,-122.43,PM2.5,58,"{'Number': 2, 'Name': 'Moderate'}"
2018-04-04,0,PST,San Francisco,CA,37.75,-122.43,OZONE,39,"{'Number': 1, 'Name': 'Good'}"
2018-04-04,0,PST,San Francisco,CA,37.75,-122.43,PM2.5,42,"{'Number': 1, 'Name': 'Good'}"
2018-04-05,0,PST,San Francisco,CA,37.75,-122.43,OZONE,31,"{'Number': 1, 'Name': 'Good'}"
2018-04-05,0,PST,San Francisco,CA,37.75,-122.43,PM2.5,41,"{'Number': 1, 'Name': 'Good'}"
2018-04-06,0,PST,San Francisco,CA,37.75,-122.43,OZONE,18,"{'Number': 1, 'Name': 'Good'}"
2018-04-06,0,PST,San Francisco,CA,37.75,-122.43,PM2.5,4,"{'Number': 1, 'Name': 'Good'}"
2018-04-07,0,PST,San Francisco,CA,37.75,-122.43,OZONE,37,"{'Number': 1, 'Name': 'Good'}"
2018-04-07,0,PST,San Francisco,CA,37.75,-122.43,PM2.5,46,"{'Number': 1, 'Name': 'Good'}"
2018-04-08,0,PST,San Francisco,CA,37.75,-122.43,OZONE,39,"{'Number': 1, 'Name': 'Good'}"
2018-04-08,0,PST,San Francisco,CA,37.75,-122.43,PM2.5,54,"{'Number': 2, 'Name': 'Moderate'}"
2018-04-09,0,PST,San Francisco,CA,37.75,-122.43,OZONE,32,"{'Number': 1, 'Name': 'Good'}"
2018-04-09,0,PST,San Francisco,CA,37.75,-122.43,PM2.5,56,"{'Number': 2, 'Name': 'Moderate'}"
2018-04-10,0,PST,San Francisco,CA,37.75,-122.43,OZONE,39,"{'Number': 1, 'Name': 'Good'}"
2018-04-10,0,PST,San Francisco,CA,37.75,-122.43,PM2.5,39,"{'Number': 1, 'Name': 'Good'}"
2018-04-11,0,PST,San Francisco,CA,37.75,-122.43,OZONE,44,"{'Number': 1, 'Name': 'Good'}"
2018-04-11,0,PST,San Francisco,CA,37.75,-122.43,PM2.5,24,"{'Number': 1, 'Name': 'Good'}"
2018-04-12,0,PST,San Francisco,CA,37.75,-122.43,OZONE,44,"{'Number': 1, 'Name': 'Good'}"
2018-04-12,0,PST,San Francisco,CA,37.75,-122.43,PM2.5,42,"{'Number': 1, 'Name': 'Good'}"
2018-04-13,0,PST,San Francisco,CA,37.75,-122.43,OZONE,35,"{'Number': 1, 'Name': 'Good'}"
2018-04-13,0,PST,San Francisco,CA,37.75,-122.43,PM2.5,49,"{'Number': 1, 'Name': 'Good'}"
2018-04-14,0,PST,San Francisco,CA,37.75,-122.43,OZONE,42,"{'Number': 1, 'Name': 'Good'}"
2018-04-14,0,PST,San Francisco,CA,37.75,-122.43,PM2.5,58,"{'Number': 2, 'Name': 'Moderate'}"
2018-04-15,0,PST,San Francisco,CA,37.75,-122.43,OZONE,41,"{'Number': 1, 'Name': 'Good'}"
2018-04-15,0,PST,San Francisco,CA,37.75,-122.43,PM2.5,42,"{'Number': 1, 'Name': 'Good'}"
2018-04-16,0,PST,San Francisco,CA,37.75,-122.43,OZONE,41,"{'Number': 1, 'Name': 'Good'}"
2018-04-16,0,PST,San Francisco,CA,37.75,-122.43,PM2.5,29,"{'Number': 1, 'Name': 'Good'}"
2018-04-17,0,PST,San Francisco,CA,37.75,-122.43,PM2.5,32,"{'Number': 1, 'Name': 'Good'}"
2018-04-18,0,PST,San Francisco,CA,37.75,-122.43,OZONE,36,"{'Number': 1, 'Name': 'Good'}"
2018-04-18,0,PST,San Francisco,CA,37.75,-122.43,PM2.5,24,"{'Number': 1, 'Name': 'Good'}"
2018-04-19,0,PST,San Francisco,CA,37.75,-122.43,OZONE,32,"{'Number': 1, 'Name': 'Good'}"
2018-04-19,0,PST,San Francisco,CA,37.75,-122.43,PM2.5,38,"{'Number': 1, 'Name': 'Good'}"
2018-04-20,0,PST,San Francisco,CA,37.75,-122.43,OZONE,38,"{'Number': 1, 'Name': 'Good'}"
2018-04-21,0,PST,San Francisco,CA,37.75,-122.43,OZONE,33,"{'Number': 1, 'Name': 'Good'}"
2018-04-22,0,PST,San Francisco,CA,37.75,-122.43,OZONE,32,"{'Number': 1, 'Name': 'Good'}"
2018-04-23,0,PST,San Francisco,CA,37.75,-122.43,OZONE,34,"{'Number': 1, 'Name': 'Good'}"
2018-04-24,0,PST,San Francisco,CA,37.75,-122.43,OZONE,35,"{'Number': 1, 'Name': 'Good'}"
2018-04-24,0,PST,San Francisco,CA,37.75,-122.43,PM2.5,41,"{'Number': 1, 'Name': 'Good'}"
2018-04-25,0,PST,San Francisco,CA,37.75,-122.43,OZONE,37,"{'Number': 1, 'Name': 'Good'}"
2018-04-25,0,PST,San Francisco,CA,37.75,-122.43,PM2.5,31,"{'Number': 1, 'Name': 'Good'}"
2018-04-26,0,PST,San Francisco,CA,37.75,-122.43,OZONE,40,"{'Number': 1, 'Name': 'Good'}"
2018-04-26,0,PST,San Francisco,CA,37.75,-122.43,PM2.5,27,"{'Number': 1, 'Name': 'Good'}"
2018-04-27,0,PST,San Francisco,CA,37.75,-122.43,OZONE,39,"{'Number': 1, 'Name': 'Good'}"
2018-04-27,0,PST,San Francisco,CA,37.75,-122.43,PM2.5,14,"{'Number': 1, 'Name': 'Good'}"
2018-04-28,0,PST,San Francisco,CA,37.75,-122.43,OZONE,44,"{'Number': 1, 'Name': 'Good'}"
2018-04-29,0,PST,San Francisco,CA,37.75,-122.43,OZONE,40,"{'Number': 1, 'Name': 'Good'}"
2018-04-30,0,PST,San Francisco,CA,37.75,-122.43,OZONE,38,"{'Number': 1, 'Name': 'Good'}"
2018-04-30,0,PST,San Francisco,CA,37.75,-122.43,PM2.5,21,"{'Number': 1, 'Name': 'Good'}"
2018-05-01,0,PST,San Francisco,CA,37.75,-122.43,OZONE,37,"{'Number': 1, 'Name': 'Good'}"
2018-05-01,0,PST,San Francisco,CA,37.75,-122.43,PM2.5,47,"{'Number': 1, 'Name': 'Good'}"
2018-05-02,0,PST,San Francisco,CA,37.75,-122.43,OZONE,36,"{'Number': 1, 'Name': 'Good'}"
2018-05-02,0,PST,San Francisco,CA,37.75,-122.43,PM2.5,43,"{'Number': 1, 'Name': 'Good'}"
2018-05-03,0,PST,San Francisco,CA,37.75,-122.43,OZONE,36,"{'Number': 1, 'Name': 'Good'}"
2018-05-03,0,PST,San Francisco,CA,37.75,-122.43,PM2.5,13,"{'Number': 1, 'Name': 'Good'}"
2018-05-04,0,PST,San Francisco,CA,37.75,-122.43,OZONE,31,"{'Number': 1, 'Name': 'Good'}"
2018-05-04,0,PST,San Francisco,CA,37.75,-122.43,PM2.5,13,"{'Number': 1, 'Name': 'Good'}"
2018-05-05,0,PST,San Francisco,CA,37.75,-122.43,OZONE,37,"{'Number': 1, 'Name': 'Good'}"
2018-05-05,0,PST,San Francisco,CA,37.75,-122.43,PM2.5,24,"{'Number': 1, 'Name': 'Good'}"
2018-05-06,0,PST,San Francisco,CA,37.75,-122.43,OZONE,33,"{'Number': 1, 'Name': 'Good'}"
2018-05-07,0,PST,San Francisco,CA,37.75,-122.43,OZONE,29,"{'Number': 1, 'Name': 'Good'}"
2018-05-08,0,PST,San Francisco,CA,37.75,-122.43,OZONE,27,"{'Number': 1, 'Name': 'Good'}"
2018-05-08,0,PST,San Francisco,CA,37.75,-122.43,PM2.5,1,"{'Number': 1, 'Name': 'Good'}"
2018-05-09,0,PST,San Francisco,CA,37.75,-122.43,OZONE,36,"{'Number': 1, 'Name': 'Good'}"
2018-05-09,0,PST,San Francisco,CA,37.75,-122.43,PM2.5,8,"{'Number': 1, 'Name': 'Good'}"
2018-05-10,0,PST,San Francisco,CA,37.75,-122.43,OZONE,33,"{'Number': 1, 'Name': 'Good'}"
2018-05-10,0,PST,San Francisco,CA,37.75,-122.43,PM2.5,39,"{'Number': 1, 'Name': 'Good'}"
2018-05-11,0,PST,San Francisco,CA,37.75,-122.43,OZONE,31,"{'Number': 1, 'Name': 'Good'}"
2018-05-11,0,PST,San Francisco,CA,37.75,-122.43,PM2.5,46,"{'Number': 1, 'Name': 'Good'}"
2018-05-12,0,PST,San Francisco,CA,37.75,-122.43,OZONE,38,"{'Number': 1, 'Name': 'Good'}"
2018-05-12,0,PST,San Francisco,CA,37.75,-122.43,PM2.5,46,"{'Number': 1, 'Name': 'Good'}"
2018-05-13,0,PST,San Francisco,CA,37.75,-122.43,OZONE,36,"{'Number': 1, 'Name': 'Good'}"
2018-05-13,0,PST,San Francisco,CA,37.75,-122.43,PM2.5,14,"{'Number': 1, 'Name': 'Good'}"
2018-05-14,0,PST,San Francisco,CA,37.75,-122.43,OZONE,31,"{'Number': 1, 'Name': 'Good'}"
2018-05-15,0,PST,San Francisco,CA,37.75,-122.43,OZONE,31,"{'Number': 1, 'Name': 'Good'}"
2018-05-16,0,PST,San Francisco,CA,37.75,-122.43,OZONE,28,"{'Number': 1, 'Name': 'Good'}"
2018-05-17,0,PST,San Francisco,CA,37.75,-122.43,OZONE,29,"{'Number': 1, 'Name': 'Good'}"
2018-05-17,0,PST,San Francisco,CA,37.75,-122.43,PM2.5,6,"{'Number': 1, 'Name': 'Good'}"
2018-05-18,0,PST,San Francisco,CA,37.75,-122.43,OZONE,31,"{'Number': 1, 'Name': 'Good'}"
2018-05-18,0,PST,San Francisco,CA,37.75,-122.43,PM2.5,4,"{'Number': 1, 'Name': 'Good'}"
2018-05-19,0,PST,San Francisco,CA,37.75,-122.43,OZONE,38,"{'Number': 1, 'Name': 'Good'}"
2018-05-19,0,PST,San Francisco,CA,37.75,-122.43,PM2.5,36,"{'Number': 1, 'Name': 'Good'}"
2018-05-20,0,PST,San Francisco,CA,37.75,-122.43,OZONE,36,"{'Number': 1, 'Name': 'Good'}"
2018-05-20,0,PST,San Francisco,CA,37.75,-122.43,PM2.5,31,"{'Number': 1, 'Name': 'Good'}"
2018-05-21,0,PST,San Francisco,CA,37.75,-122.43,OZONE,31,"{'Number': 1, 'Name': 'Good'}"
2018-05-21,0,PST,San Francisco,CA,37.75,-122.43,PM2.5,31,"{'Number': 1, 'Name': 'Good'}"
2018-05-22,0,PST,San Francisco,CA,37.75,-122.43,OZONE,30,"{'Number': 1, 'Name': 'Good'}"
2018-05-22,0,PST,San Francisco,CA,37.75,-122.43,PM2.5,21,"{'Number': 1, 'Name': 'Good'}"
2018-05-23,0,PST,San Francisco,CA,37.75,-122.43,OZONE,31,"{'Number': 1, 'Name': 'Good'}"
2018-05-24,0,PST,San Francisco,CA,37.75,-122.43,OZONE,31,"{'Number': 1, 'Name': 'Good'}"
2018-05-24,0,PST,San Francisco,CA,37.75,-122.43,PM2.5,2,"{'Number': 1, 'Name': 'Good'}"
2018-05-25,0,PST,San Francisco,CA,37.75,-122.43,OZONE,30,"{'Number': 1, 'Name': 'Good'}"
2018-05-26,0,PST,San Francisco,CA,37.75,-122.43,OZONE,26,"{'Number': 1, 'Name': 'Good'}"
2018-05-26,0,PST,San Francisco,CA,37.75,-122.43,PM2.5,5,"{'Number': 1, 'Name': 'Good'}"
2018-05-27,0,PST,San Francisco,CA,37.75,-122.43,OZONE,27,"{'Number': 1, 'Name': 'Good'}"
2018-05-27,0,PST,San Francisco,CA,37.75,-122.43,PM2.5,32,"{'Number': 1, 'Name': 'Good'}"
2018-05-28,0,PST,San Francisco,CA,37.75,-122.43,OZONE,31,"{'Number': 1, 'Name': 'Good'}"
2018-05-28,0,PST,San Francisco,CA,37.75,-122.43,PM2.5,52,"{'Number': 2, 'Name': 'Moderate'}"
2018-05-29,0,PST,San Francisco,CA,37.75,-122.43,OZONE,31,"{'Number': 1, 'Name': 'Good'}"
2018-05-29,0,PST,San Francisco,CA,37.75,-122.43,PM2.5,63,"{'Number': 2, 'Name': 'Moderate'}"
2018-05-30,0,PST,San Francisco,CA,37.75,-122.43,OZONE,31,"{'Number': 1, 'Name': 'Good'}"
2018-05-30,0,PST,San Francisco,CA,37.75,-122.43,PM2.5,52,"{'Number': 2, 'Name': 'Moderate'}"
2018-05-31,0,PST,San Francisco,CA,37.75,-122.43,OZONE,29,"{'Number': 1, 'Name': 'Good'}"
2018-05-31,0,PST,San Francisco,CA,37.75,-122.43,PM2.5,26,"{'Number': 1, 'Name': 'Good'}"
2018-06-01,0,PST,San Francisco,CA,37.75,-122.43,OZONE,27,"{'Number': 1, 'Name': 'Good'}"
2018-06-01,0,PST,San Francisco,CA,37.75,-122.43,PM2.5,20,"{'Number': 1, 'Name': 'Good'}"
2018-06-02,0,PST,San Francisco,CA,37.75,-122.43,OZONE,26,"{'Number': 1, 'Name': 'Good'}"
2018-06-02,0,PST,San Francisco,CA,37.75,-122.43,PM2.5,51,"{'Number': 2, 'Name': 'Moderate'}"
2018-06-03,0,PST,San Francisco,CA,37.75,-122.43,OZONE,31,"{'Number': 1, 'Name': 'Good'}"
2018-06-03,0,PST,San Francisco,CA,37.75,-122.43,PM2.5,44,"{'Number': 1, 'Name': 'Good'}"
2018-06-04,0,PST,San Francisco,CA,37.75,-122.43,OZONE,31,"{'Number': 1, 'Name': 'Good'}"
2018-06-04,0,PST,San Francisco,CA,37.75,-122.43,PM2.5,53,"{'Number': 2, 'Name': 'Moderate'}"
2018-06-05,0,PST,San Francisco,CA,37.75,-122.43,OZONE,30,"{'Number': 1, 'Name': 'Good'}"
2018-06-05,0,PST,San Francisco,CA,37.75,-122.43,PM2.5,45,"{'Number': 1, 'Name': 'Good'}"
2018-06-06,0,PST,San Francisco,CA,37.75,-122.43,OZONE,32,"{'Number': 1, 'Name': 'Good'}"
2018-06-06,0,PST,San Francisco,CA,37.75,-122.43,PM2.5,19,"{'Number': 1, 'Name': 'Good'}"
2018-06-07,0,PST,San Francisco,CA,37.75,-122.43,OZONE,35,"{'Number': 1, 'Name': 'Good'}"
2018-06-07,0,PST,San Francisco,CA,37.75,-122.43,PM2.5,25,"{'Number': 1, 'Name': 'Good'}"
2018-06-08,0,PST,San Francisco,CA,37.75,-122.43,OZONE,28,"{'Number': 1, 'Name': 'Good'}"
2018-06-08,0,PST,San Francisco,CA,37.75,-122.43,PM2.5,6,"{'Number': 1, 'Name': 'Good'}"
2018-06-09,0,PST,San Francisco,CA,37.75,-122.43,OZONE,31,"{'Number': 1, 'Name': 'Good'}"
2018-06-10,0,PST,San Francisco,CA,37.75,-122.43,OZONE,28,"{'Number': 1, 'Name': 'Good'}"
2018-06-10,0,PST,San Francisco,CA,37.75,-122.43,PM2.5,22,"{'Number': 1, 'Name': 'Good'}"
2018-06-11,0,PST,San Francisco,CA,37.75,-122.43,OZONE,20,"{'Number': 1, 'Name': 'Good'}"
2018-06-11,0,PST,San Francisco,CA,37.75,-122.43,PM2.5,24,"{'Number': 1, 'Name': 'Good'}"
2018-06-12,0,PST,San Francisco,CA,37.75,-122.43,OZONE,28,"{'Number': 1, 'Name': 'Good'}"
2018-06-12,0,PST,San Francisco,CA,37.75,-122.43,PM2.5,49,"{'Number': 1, 'Name': 'Good'}"
2018-06-13,0,PST,San Francisco,CA,37.75,-122.43,OZONE,24,"{'Number': 1, 'Name': 'Good'}"
2018-06-13,0,PST,San Francisco,CA,37.75,-122.43,PM2.5,43,"{'Number': 1, 'Name': 'Good'}"
2018-06-14,0,PST,San Francisco,CA,37.75,-122.43,OZONE,23,"{'Number': 1, 'Name': 'Good'}"
2018-06-14,0,PST,San Francisco,CA,37.75,-122.43,PM2.5,44,"{'Number': 1, 'Name': 'Good'}"
2018-06-15,0,PST,San Francisco,CA,37.75,-122.43,OZONE,26,"{'Number': 1, 'Name': 'Good'}"
2018-06-15,0,PST,San Francisco,CA,37.75,-122.43,PM2.5,48,"{'Number': 1, 'Name': 'Good'}"
2018-06-16,0,PST,San Francisco,CA,37.75,-122.43,OZONE,30,"{'Number': 1, 'Name': 'Good'}"
2018-06-16,0,PST,San Francisco,CA,37.75,-122.43,PM2.5,36,"{'Number': 1, 'Name': 'Good'}"
2018-06-17,0,PST,San Francisco,CA,37.75,-122.43,OZONE,30,"{'Number': 1, 'Name': 'Good'}"
2018-06-17,0,PST,San Francisco,CA,37.75,-122.43,PM2.5,28,"{'Number': 1, 'Name': 'Good'}"
2018-06-18,0,PST,San Francisco,CA,37.75,-122.43,OZONE,34,"{'Number': 1, 'Name': 'Good'}"
2018-06-18,0,PST,San Francisco,CA,37.75,-122.43,PM2.5,11,"{'Number': 1, 'Name': 'Good'}"
2018-06-19,0,PST,San Francisco,CA,37.75,-122.43,OZONE,26,"{'Number': 1, 'Name': 'Good'}"
2018-06-20,0,PST,San Francisco,CA,37.75,-122.43,OZONE,24,"{'Number': 1, 'Name': 'Good'}"
2018-06-20,0,PST,San Francisco,CA,37.75,-122.43,PM2.5,6,"{'Number': 1, 'Name': 'Good'}"
2018-06-21,0,PST,San Francisco,CA,37.75,-122.43,OZONE,22,"{'Number': 1, 'Name': 'Good'}"
2018-06-21,0,PST,San Francisco,CA,37.75,-122.43,PM2.5,14,"{'Number': 1, 'Name': 'Good'}"
2018-06-22,0,PST,San Francisco,CA,37.75,-122.43,OZONE,20,"{'Number': 1, 'Name': 'Good'}"
2018-06-22,0,PST,San Francisco,CA,37.75,-122.43,PM2.5,52,"{'Number': 2, 'Name': 'Moderate'}"
2018-06-23,0,PST,San Francisco,CA,37.75,-122.43,OZONE,24,"{'Number': 1, 'Name': 'Good'}"
2018-06-23,0,PST,San Francisco,CA,37.75,-122.43,PM2.5,61,"{'Number': 2, 'Name': 'Moderate'}"
2018-06-24,0,PST,San Francisco,CA,37.75,-122.43,OZONE,32,"{'Number': 1, 'Name': 'Good'}"
2018-06-24,0,PST,San Francisco,CA,37.75,-122.43,PM2.5,51,"{'Number': 2, 'Name': 'Moderate'}"
2018-06-25,0,PST,San Francisco,CA,37.75,-122.43,OZONE,30,"{'Number': 1, 'Name': 'Good'}"
2018-06-25,0,PST,San Francisco,CA,37.75,-122.43,PM2.5,36,"{'Number': 1, 'Name': 'Good'}"
2018-06-26,0,PST,San Francisco,CA,37.75,-122.43,OZONE,28,"{'Number': 1, 'Name': 'Good'}"
2018-06-26,0,PST,San Francisco,CA,37.75,-122.43,PM2.5,56,"{'Number': 2, 'Name': 'Moderate'}"
2018-06-27,0,PST,San Francisco,CA,37.75,-122.43,OZONE,28,"{'Number': 1, 'Name': 'Good'}"
2018-06-27,0,PST,San Francisco,CA,37.75,-122.43,PM2.5,58,"{'Number': 2, 'Name': 'Moderate'}"
2018-06-28,0,PST,San Francisco,CA,37.75,-122.43,OZONE,28,"{'Number': 1, 'Name': 'Good'}"
2018-06-28,0,PST,San Francisco,CA,37.75,-122.43,PM2.5,61,"{'Number': 2, 'Name': 'Moderate'}"
2018-06-29,0,PST,San Francisco,CA,37.75,-122.43,OZONE,27,"{'Number': 1, 'Name': 'Good'}"
2018-06-29,0,PST,San Francisco,CA,37.75,-122.43,PM2.5,59,"{'Number': 2, 'Name': 'Moderate'}"
2018-06-30,0,PST,San Francisco,CA,37.75,-122.43,OZONE,29,"{'Number': 1, 'Name': 'Good'}"
2018-06-30,0,PST,San Francisco,CA,37.75,-122.43,PM2.5,56,"{'Number': 2, 'Name': 'Moderate'}"
2018-07-01,0,PST,San Francisco,CA,37.75,-122.43,OZONE,27,"{'Number': 1, 'Name': 'Good'}"
2018-07-01,0,PST,San Francisco,CA,37.75,-122.43,PM2.5,27,"{'Number': 1, 'Name': 'Good'}"
2018-07-02,0,PST,San Francisco,CA,37.75,-122.43,OZONE,29,"{'Number': 1, 'Name': 'Good'}"
2018-07-02,0,PST,San Francisco,CA,37.75,-122.43,PM2.5,22,"{'Number': 1, 'Name': 'Good'}"
2018-07-03,0,PST,San Francisco,CA,37.75,-122.43,OZONE,27,"{'Number': 1, 'Name': 'Good'}"
2018-07-03,0,PST,San Francisco,CA,37.75,-122.43,PM2.5,63,"{'Number': 2, 'Name': 'Moderate'}"
2018-07-04,0,PST,San Francisco,CA,37.75,-122.43,OZONE,29,"{'Number': 1, 'Name': 'Good'}"
2018-07-04,0,PST,San Francisco,CA,37.75,-122.43,PM2.5,54,"{'Number': 2, 'Name': 'Moderate'}"
2018-07-05,0,PST,San Francisco,CA,37.75,-122.43,OZONE,24,"{'Number': 1, 'Name': 'Good'}"
2018-07-05,0,PST,San Francisco,CA,37.75,-122.43,PM2.5,48,"{'Number': 1, 'Name': 'Good'}"
2018-07-06,0,PST,San Francisco,CA,37.75,-122.43,OZONE,16,"{'Number': 1, 'Name': 'Good'}"
2018-07-06,0,PST,San Francisco,CA,37.75,-122.43,PM2.5,34,"{'Number': 1, 'Name': 'Good'}"
2018-07-07,0,PST,San Francisco,CA,37.75,-122.43,OZONE,20,"{'Number': 1, 'Name': 'Good'}"
2018-07-07,0,PST,San Francisco,CA,37.75,-122.43,PM2.5,39,"{'Number': 1, 'Name': 'Good'}"
2018-07-08,0,PST,San Francisco,CA,37.75,-122.43,OZONE,21,"{'Number': 1, 'Name': 'Good'}"
2018-07-08,0,PST,San Francisco,CA,37.75,-122.43,PM2.5,53,"{'Number': 2, 'Name': 'Moderate'}"
2018-07-09,0,PST,San Francisco,CA,37.75,-122.43,OZONE,22,"{'Number': 1, 'Name': 'Good'}"
2018-07-09,0,PST,San Francisco,CA,37.75,-122.43,PM2.5,50,"{'Number': 1, 'Name': 'Good'}"
2018-07-10,0,PST,San Francisco,CA,37.75,-122.43,OZONE,19,"{'Number': 1, 'Name': 'Good'}"
2018-07-10,0,PST,San Francisco,CA,37.75,-122.43,PM2.5,47,"{'Number': 1, 'Name': 'Good'}"
2018-07-11,0,PST,San Francisco,CA,37.75,-122.43,OZONE,20,"{'Number': 1, 'Name': 'Good'}"
2018-07-11,0,PST,San Francisco,CA,37.75,-122.43,PM2.5,27,"{'Number': 1, 'Name': 'Good'}"
2018-07-12,0,PST,San Francisco,CA,37.75,-122.43,OZONE,23,"{'Number': 1, 'Name': 'Good'}"
2018-07-12,0,PST,San Francisco,CA,37.75,-122.43,PM2.5,30,"{'Number': 1, 'Name': 'Good'}"
2018-07-13,0,PST,San Francisco,CA,37.75,-122.43,OZONE,20,"{'Number': 1, 'Name': 'Good'}"
2018-07-13,0,PST,San Francisco,CA,37.75,-122.43,PM2.5,22,"{'Number': 1, 'Name': 'Good'}"
2018-07-14,0,PST,San Francisco,CA,37.75,-122.43,OZONE,22,"{'Number': 1, 'Name': 'Good'}"
2018-07-14,0,PST,San Francisco,CA,37.75,-122.43,PM2.5,13,"{'Number': 1, 'Name': 'Good'}"
2018-07-15,0,PST,San Francisco,CA,37.75,-122.43,OZONE,24,"{'Number': 1, 'Name': 'Good'}"
2018-07-15,0,PST,San Francisco,CA,37.75,-122.43,PM2.5,36,"{'Number': 1, 'Name': 'Good'}"
2018-07-16,0,PST,San Francisco,CA,37.75,-122.43,OZONE,26,"{'Number': 1, 'Name': 'Good'}"
2018-07-16,0,PST,San Francisco,CA,37.75,-122.43,PM2.5,32,"{'Number': 1, 'Name': 'Good'}"
2018-07-17,0,PST,San Francisco,CA,37.75,-122.43,OZONE,22,"{'Number': 1, 'Name': 'Good'}"
2018-07-17,0,PST,San Francisco,CA,37.75,-122.43,PM2.5,28,"{'Number': 1, 'Name': 'Good'}"
2018-07-18,0,PST,San Francisco,CA,37.75,-122.43,OZONE,21,"{'Number': 1, 'Name': 'Good'}"
2018-07-18,0,PST,San Francisco,CA,37.75,-122.43,PM2.5,37,"{'Number': 1, 'Name': 'Good'}"
2018-07-19,0,PST,San Francisco,CA,37.75,-122.43,OZONE,19,"{'Number': 1, 'Name': 'Good'}"
2018-07-19,0,PST,San Francisco,CA,37.75,-122.43,PM2.5,37,"{'Number': 1, 'Name': 'Good'}"
2018-07-20,0,PST,San Francisco,CA,37.75,-122.43,OZONE,21,"{'Number': 1, 'Name': 'Good'}"
2018-07-20,0,PST,San Francisco,CA,37.75,-122.43,PM2.5,34,"{'Number': 1, 'Name': 'Good'}"
2018-07-21,0,PST,San Francisco,CA,37.75,-122.43,OZONE,19,"{'Number': 1, 'Name': 'Good'}"
2018-07-21,0,PST,San Francisco,CA,37.75,-122.43,PM2.5,18,"{'Number': 1, 'Name': 'Good'}"
2018-07-22,0,PST,San Francisco,CA,37.75,-122.43,OZONE,23,"{'Number': 1, 'Name': 'Good'}"
2018-07-22,0,PST,San Francisco,CA,37.75,-122.43,PM2.5,28,"{'Number': 1, 'Name': 'Good'}"
2018-07-23,0,PST,San Francisco,CA,37.75,-122.43,OZONE,27,"{'Number': 1, 'Name': 'Good'}"
2018-07-23,0,PST,San Francisco,CA,37.75,-122.43,PM2.5,47,"{'Number': 1, 'Name': 'Good'}"
2018-07-24,0,PST,San Francisco,CA,37.75,-122.43,OZONE,24,"{'Number': 1, 'Name': 'Good'}"
2018-07-24,0,PST,San Francisco,CA,37.75,-122.43,PM2.5,53,"{'Number': 2, 'Name': 'Moderate'}"
2018-07-25,0,PST,San Francisco,CA,37.75,-122.43,OZONE,20,"{'Number': 1, 'Name': 'Good'}"
2018-07-25,0,PST,San Francisco,CA,37.75,-122.43,PM2.5,41,"{'Number': 1, 'Name': 'Good'}"
2018-07-26,0,PST,San Francisco,CA,37.75,-122.43,OZONE,20,"{'Number': 1, 'Name': 'Good'}"
2018-07-26,0,PST,San Francisco,CA,37.75,-122.43,PM2.5,51,"{'Number': 2, 'Name': 'Moderate'}"
2018-07-27,0,PST,San Francisco,CA,37.75,-122.43,OZONE,17,"{'Number': 1, 'Name': 'Good'}"
2018-07-27,0,PST,San Francisco,CA,37.75,-122.43,PM2.5,37,"{'Number': 1, 'Name': 'Good'}"
2018-07-28,0,PST,San Francisco,CA,37.75,-122.43,OZONE,17,"{'Number': 1, 'Name': 'Good'}"
2018-07-28,0,PST,San Francisco,CA,37.75,-122.43,PM2.5,31,"{'Number': 1, 'Name': 'Good'}"
2018-07-29,0,PST,San Francisco,CA,37.75,-122.43,OZONE,19,"{'Number': 1, 'Name': 'Good'}"
2018-07-29,0,PST,San Francisco,CA,37.75,-122.43,PM2.5,17,"{'Number': 1, 'Name': 'Good'}"
2018-07-30,0,PST,San Francisco,CA,37.75,-122.43,OZONE,19,"{'Number': 1, 'Name': 'Good'}"
2018-07-30,0,PST,San Francisco,CA,37.75,-122.43,PM2.5,38,"{'Number': 1, 'Name': 'Good'}"
2018-07-31,0,PST,San Francisco,CA,37.75,-122.43,OZONE,24,"{'Number': 1, 'Name': 'Good'}"
2018-07-31,0,PST,San Francisco,CA,37.75,-122.43,PM2.5,36,"{'Number': 1, 'Name': 'Good'}"
2018-08-01,0,PST,San Francisco,CA,37.75,-122.43,OZONE,18,"{'Number': 1, 'Name': 'Good'}"
2018-08-01,0,PST,San Francisco,CA,37.75,-122.43,PM2.5,36,"{'Number': 1, 'Name': 'Good'}"
2018-08-02,0,PST,San Francisco,CA,37.75,-122.43,OZONE,17,"{'Number': 1, 'Name': 'Good'}"
2018-08-02,0,PST,San Francisco,CA,37.75,-122.43,PM2.5,42,"{'Number': 1, 'Name': 'Good'}"
2018-08-03,0,PST,San Francisco,CA,37.75,-122.43,OZONE,13,"{'Number': 1, 'Name': 'Good'}"
2018-08-03,0,PST,San Francisco,CA,37.75,-122.43,PM2.5,58,"{'Number': 2, 'Name': 'Moderate'}"
2018-08-04,0,PST,San Francisco,CA,37.75,-122.43,OZONE,16,"{'Number': 1, 'Name': 'Good'}"
2018-08-04,0,PST,San Francisco,CA,37.75,-122.43,PM2.5,49,"{'Number': 1, 'Name': 'Good'}"
2018-08-05,0,PST,San Francisco,CA,37.75,-122.43,OZONE,19,"{'Number': 1, 'Name': 'Good'}"
2018-08-05,0,PST,San Francisco,CA,37.75,-122.43,PM2.5,39,"{'Number': 1, 'Name': 'Good'}"
2018-08-06,0,PST,San Francisco,CA,37.75,-122.43,OZONE,18,"{'Number': 1, 'Name': 'Good'}"
2018-08-06,0,PST,San Francisco,CA,37.75,-122.43,PM2.5,38,"{'Number': 1, 'Name': 'Good'}"
2018-08-07,0,PST,San Francisco,CA,37.75,-122.43,OZONE,23,"{'Number': 1, 'Name': 'Good'}"
2018-08-07,0,PST,San Francisco,CA,37.75,-122.43,PM2.5,25,"{'Number': 1, 'Name': 'Good'}"
2018-08-08,0,PST,San Francisco,CA,37.75,-122.43,OZONE,20,"{'Number': 1, 'Name': 'Good'}"
2018-08-08,0,PST,San Francisco,CA,37.75,-122.43,PM2.5,24,"{'Number': 1, 'Name': 'Good'}"
2018-08-09,0,PST,San Francisco,CA,37.75,-122.43,OZONE,22,"{'Number': 1, 'Name': 'Good'}"
2018-08-09,0,PST,San Francisco,CA,37.75,-122.43,PM2.5,18,"{'Number': 1, 'Name': 'Good'}"
2018-08-10,0,PST,San Francisco,CA,37.75,-122.43,OZONE,16,"{'Number': 1, 'Name': 'Good'}"
2018-08-10,0,PST,San Francisco,CA,37.75,-122.43,PM2.5,29,"{'Number': 1, 'Name': 'Good'}"
2018-08-11,0,PST,San Francisco,CA,37.75,-122.43,OZONE,17,"{'Number': 1, 'Name': 'Good'}"
2018-08-11,0,PST,San Francisco,CA,37.75,-122.43,PM2.5,29,"{'Number': 1, 'Name': 'Good'}"
2018-08-12,0,PST,San Francisco,CA,37.75,-122.43,OZONE,19,"{'Number': 1, 'Name': 'Good'}"
2018-08-12,0,PST,San Francisco,CA,37.75,-122.43,PM2.5,52,"{'Number': 2, 'Name': 'Moderate'}"
2018-08-13,0,PST,San Francisco,CA,37.75,-122.43,OZONE,24,"{'Number': 1, 'Name': 'Good'}"
2018-08-13,0,PST,San Francisco,CA,37.75,-122.43,PM2.5,35,"{'Number': 1, 'Name': 'Good'}"
2018-08-14,0,PST,San Francisco,CA,37.75,-122.43,OZONE,25,"{'Number': 1, 'Name': 'Good'}"
2018-08-14,0,PST,San Francisco,CA,37.75,-122.43,PM2.5,31,"{'Number': 1, 'Name': 'Good'}"
2018-08-15,0,PST,San Francisco,CA,37.75,-122.43,OZONE,34,"{'Number': 1, 'Name': 'Good'}"
2018-08-15,0,PST,San Francisco,CA,37.75,-122.43,PM2.5,63,"{'Number': 2, 'Name': 'Moderate'}"
2018-08-16,0,PST,San Francisco,CA,37.75,-122.43,OZONE,36,"{'Number': 1, 'Name': 'Good'}"
2018-08-16,0,PST,San Francisco,CA,37.75,-122.43,PM2.5,67,"{'Number': 2, 'Name': 'Moderate'}"
2018-08-17,0,PST,San Francisco,CA,37.75,-122.43,OZONE,33,"{'Number': 1, 'Name': 'Good'}"
2018-08-17,0,PST,San Francisco,CA,37.75,-122.43,PM2.5,61,"{'Number': 2, 'Name': 'Moderate'}"
2018-08-18,0,PST,San Francisco,CA,37.75,-122.43,OZONE,29,"{'Number': 1, 'Name': 'Good'}"
2018-08-18,0,PST,San Francisco,CA,37.75,-122.43,PM2.5,42,"{'Number': 1, 'Name': 'Good'}"
2018-08-19,0,PST,San Francisco,CA,37.75,-122.43,OZONE,31,"{'Number': 1, 'Name': 'Good'}"
2018-08-19,0,PST,San Francisco,CA,37.75,-122.43,PM2.5,72,"{'Number': 2, 'Name': 'Moderate'}"
2018-08-20,0,PST,San Francisco,CA,37.75,-122.43,OZONE,31,"{'Number': 1, 'Name': 'Good'}"
2018-08-20,0,PST,San Francisco,CA,37.75,-122.43,PM2.5,74,"{'Number': 2, 'Name': 'Moderate'}"
2018-08-21,0,PST,San Francisco,CA,37.75,-122.43,OZONE,40,"{'Number': 1, 'Name': 'Good'}"
2018-08-21,0,PST,San Francisco,CA,37.75,-122.43,PM2.5,61,"{'Number': 2, 'Name': 'Moderate'}"
2018-08-22,0,PST,San Francisco,CA,37.75,-122.43,OZONE,37,"{'Number': 1, 'Name': 'Good'}"
2018-08-22,0,PST,San Francisco,CA,37.75,-122.43,PM2.5,85,"{'Number': 2, 'Name': 'Moderate'}"
2018-08-23,0,PST,San Francisco,CA,37.75,-122.43,OZONE,45,"{'Number': 1, 'Name': 'Good'}"
2018-08-23,0,PST,San Francisco,CA,37.75,-122.43,PM2.5,128,"{'Number': 3, 'Name': 'Unhealthy for Sensitive Groups'}"
2018-08-24,0,PST,San Francisco,CA,37.75,-122.43,OZONE,35,"{'Number': 1, 'Name': 'Good'}"
2018-08-24,0,PST,San Francisco,CA,37.75,-122.43,PM2.5,71,"{'Number': 2, 'Name': 'Moderate'}"
2018-08-25,0,PST,San Francisco,CA,37.75,-122.43,OZONE,25,"{'Number': 1, 'Name': 'Good'}"
2018-08-25,0,PST,San Francisco,CA,37.75,-122.43,PM2.5,65,"{'Number': 2, 'Name': 'Moderate'}"
2018-08-26,0,PST,San Francisco,CA,37.75,-122.43,OZONE,29,"{'Number': 1, 'Name': 'Good'}"
2018-08-26,0,PST,San Francisco,CA,37.75,-122.43,PM2.5,59,"{'Number': 2, 'Name': 'Moderate'}"
2018-08-28,0,PST,San Francisco,CA,37.75,-122.43,OZONE,19,"{'Number': 1, 'Name': 'Good'}"
2018-08-28,0,PST,San Francisco,CA,37.75,-122.43,PM2.5,43,"{'Number': 1, 'Name': 'Good'}"
2018-08-29,0,PST,San Francisco,CA,37.75,-122.43,OZONE,34,"{'Number': 1, 'Name': 'Good'}"
2018-08-29,0,PST,San Francisco,CA,37.75,-122.43,PM2.5,46,"{'Number': 1, 'Name': 'Good'}"
2018-08-30,0,PST,San Francisco,CA,37.75,-122.43,OZONE,34,"{'Number': 1, 'Name': 'Good'}"
2018-08-30,0,PST,San Francisco,CA,37.75,-122.43,PM2.5,49,"{'Number': 1, 'Name': 'Good'}"
2018-08-31,0,PST,San Francisco,CA,37.75,-122.43,OZONE,20,"{'Number': 1, 'Name': 'Good'}"
2018-08-31,0,PST,San Francisco,CA,37.75,-122.43,PM2.5,41,"{'Number': 1, 'Name': 'Good'}"
2018-09-01,0,PST,San Francisco,CA,37.75,-122.43,OZONE,23,"{'Number': 1, 'Name': 'Good'}"
2018-09-01,0,PST,San Francisco,CA,37.75,-122.43,PM2.5,54,"{'Number': 2, 'Name': 'Moderate'}"
2018-09-02,0,PST,San Francisco,CA,37.75,-122.43,OZONE,28,"{'Number': 1, 'Name': 'Good'}"
2018-09-02,0,PST,San Francisco,CA,37.75,-122.43,PM2.5,63,"{'Number': 2, 'Name': 'Moderate'}"
2018-09-03,0,PST,San Francisco,CA,37.75,-122.43,OZONE,31,"{'Number': 1, 'Name': 'Good'}"
2018-09-03,0,PST,San Francisco,CA,37.75,-122.43,PM2.5,66,"{'Number': 2, 'Name': 'Moderate'}"
2018-09-04,0,PST,San Francisco,CA,37.75,-122.43,OZONE,31,"{'Number': 1, 'Name': 'Good'}"
2018-09-04,0,PST,San Francisco,CA,37.75,-122.43,PM2.5,64,"{'Number': 2, 'Name': 'Moderate'}"
2018-09-05,0,PST,San Francisco,CA,37.75,-122.43,OZONE,30,"{'Number': 1, 'Name': 'Good'}"
2018-09-05,0,PST,San Francisco,CA,37.75,-122.43,PM2.5,54,"{'Number': 2, 'Name': 'Moderate'}"
2018-09-06,0,PST,San Francisco,CA,37.75,-122.43,OZONE,30,"{'Number': 1, 'Name': 'Good'}"
2018-09-06,0,PST,San Francisco,CA,37.75,-122.43,PM2.5,55,"{'Number': 2, 'Name': 'Moderate'}"
2018-09-07,0,PST,San Francisco,CA,37.75,-122.43,OZONE,26,"{'Number': 1, 'Name': 'Good'}"
2018-09-07,0,PST,San Francisco,CA,37.75,-122.43,PM2.5,55,"{'Number': 2, 'Name': 'Moderate'}"
2018-09-08,0,PST,San Francisco,CA,37.75,-122.43,OZONE,25,"{'Number': 1, 'Name': 'Good'}"
2018-09-08,0,PST,San Francisco,CA,37.75,-122.43,PM2.5,48,"{'Number': 1, 'Name': 'Good'}"
2018-09-09,0,PST,San Francisco,CA,37.75,-122.43,OZONE,26,"{'Number': 1, 'Name': 'Good'}"
2018-09-09,0,PST,San Francisco,CA,37.75,-122.43,PM2.5,49,"{'Number': 1, 'Name': 'Good'}"
2018-09-10,0,PST,San Francisco,CA,37.75,-122.43,OZONE,26,"{'Number': 1, 'Name': 'Good'}"
2018-09-10,0,PST,San Francisco,CA,37.75,-122.43,PM2.5,55,"{'Number': 2, 'Name': 'Moderate'}"
2018-09-11,0,PST,San Francisco,CA,37.75,-122.43,OZONE,29,"{'Number': 1, 'Name': 'Good'}"
2018-09-11,0,PST,San Francisco,CA,37.75,-122.43,PM2.5,58,"{'Number': 2, 'Name': 'Moderate'}"
2018-09-12,0,PST,San Francisco,CA,37.75,-122.43,OZONE,29,"{'Number': 1, 'Name': 'Good'}"
2018-09-12,0,PST,San Francisco,CA,37.75,-122.43,PM2.5,50,"{'Number': 1, 'Name': 'Good'}"
2018-09-13,0,PST,San Francisco,CA,37.75,-122.43,OZONE,26,"{'Number': 1, 'Name': 'Good'}"
2018-09-13,0,PST,San Francisco,CA,37.75,-122.43,PM2.5,36,"{'Number': 1, 'Name': 'Good'}"
2018-09-14,0,PST,San Francisco,CA,37.75,-122.43,OZONE,24,"{'Number': 1, 'Name': 'Good'}"
2018-09-14,0,PST,San Francisco,CA,37.75,-122.43,PM2.5,32,"{'Number': 1, 'Name': 'Good'}"
2018-09-15,0,PST,San Francisco,CA,37.75,-122.43,OZONE,26,"{'Number': 1, 'Name': 'Good'}"
2018-09-15,0,PST,San Francisco,CA,37.75,-122.43,PM2.5,28,"{'Number': 1, 'Name': 'Good'}"
2018-09-16,0,PST,San Francisco,CA,37.75,-122.43,OZONE,28,"{'Number': 1, 'Name': 'Good'}"
2018-09-16,0,PST,San Francisco,CA,37.75,-122.43,PM2.5,23,"{'Number': 1, 'Name': 'Good'}"
2018-09-17,0,PST,San Francisco,CA,37.75,-122.43,OZONE,30,"{'Number': 1, 'Name': 'Good'}"
2018-09-17,0,PST,San Francisco,CA,37.75,-122.43,PM2.5,28,"{'Number': 1, 'Name': 'Good'}"
2018-09-18,0,PST,San Francisco,CA,37.75,-122.43,OZONE,28,"{'Number': 1, 'Name': 'Good'}"
2018-09-18,0,PST,San Francisco,CA,37.75,-122.43,PM2.5,51,"{'Number': 2, 'Name': 'Moderate'}"
2018-09-19,0,PST,San Francisco,CA,37.75,-122.43,OZONE,26,"{'Number': 1, 'Name': 'Good'}"
2018-09-19,0,PST,San Francisco,CA,37.75,-122.43,PM2.5,59,"{'Number': 2, 'Name': 'Moderate'}"
2018-09-20,0,PST,San Francisco,CA,37.75,-122.43,OZONE,34,"{'Number': 1, 'Name': 'Good'}"
2018-09-20,0,PST,San Francisco,CA,37.75,-122.43,PM2.5,74,"{'Number': 2, 'Name': 'Moderate'}"
2018-09-21,0,PST,San Francisco,CA,37.75,-122.43,OZONE,31,"{'Number': 1, 'Name': 'Good'}"
2018-09-21,0,PST,San Francisco,CA,37.75,-122.43,PM2.5,66,"{'Number': 2, 'Name': 'Moderate'}"
2018-09-22,0,PST,San Francisco,CA,37.75,-122.43,OZONE,30,"{'Number': 1, 'Name': 'Good'}"
2018-09-22,0,PST,San Francisco,CA,37.75,-122.43,PM2.5,52,"{'Number': 2, 'Name': 'Moderate'}"
2018-09-23,0,PST,San Francisco,CA,37.75,-122.43,OZONE,25,"{'Number': 1, 'Name': 'Good'}"
2018-09-23,0,PST,San Francisco,CA,37.75,-122.43,PM2.5,54,"{'Number': 2, 'Name': 'Moderate'}"
2018-09-24,0,PST,San Francisco,CA,37.75,-122.43,OZONE,28,"{'Number': 1, 'Name': 'Good'}"
2018-09-24,0,PST,San Francisco,CA,37.75,-122.43,PM2.5,61,"{'Number': 2, 'Name': 'Moderate'}"
2018-09-25,0,PST,San Francisco,CA,37.75,-122.43,OZONE,31,"{'Number': 1, 'Name': 'Good'}"
2018-09-25,0,PST,San Francisco,CA,37.75,-122.43,PM2.5,60,"{'Number': 2, 'Name': 'Moderate'}"
2018-09-26,0,PST,San Francisco,CA,37.75,-122.43,OZONE,31,"{'Number': 1, 'Name': 'Good'}"
2018-09-26,0,PST,San Francisco,CA,37.75,-122.43,PM2.5,55,"{'Number': 2, 'Name': 'Moderate'}"
2018-09-27,0,PST,San Francisco,CA,37.75,-122.43,OZONE,33,"{'Number': 1, 'Name': 'Good'}"
2018-09-27,0,PST,San Francisco,CA,37.75,-122.43,PM2.5,34,"{'Number': 1, 'Name': 'Good'}"
2018-09-28,0,PST,San Francisco,CA,37.75,-122.43,OZONE,35,"{'Number': 1, 'Name': 'Good'}"
2018-09-28,0,PST,San Francisco,CA,37.75,-122.43,PM2.5,55,"{'Number': 2, 'Name': 'Moderate'}"
2018-09-29,0,PST,San Francisco,CA,37.75,-122.43,OZONE,30,"{'Number': 1, 'Name': 'Good'}"
2018-09-29,0,PST,San Francisco,CA,37.75,-122.43,PM2.5,34,"{'Number': 1, 'Name': 'Good'}"
2018-09-30,0,PST,San Francisco,CA,37.75,-122.43,OZONE,28,"{'Number': 1, 'Name': 'Good'}"
2018-09-30,0,PST,San Francisco,CA,37.75,-122.43,PM2.5,14,"{'Number': 1, 'Name': 'Good'}"
2018-10-01,0,PST,San Francisco,CA,37.75,-122.43,OZONE,24,"{'Number': 1, 'Name': 'Good'}"
2018-10-01,0,PST,San Francisco,CA,37.75,-122.43,PM2.5,46,"{'Number': 1, 'Name': 'Good'}"
2018-10-02,0,PST,San Francisco,CA,37.75,-122.43,OZONE,23,"{'Number': 1, 'Name': 'Good'}"
2018-10-02,0,PST,San Francisco,CA,37.75,-122.43,PM2.5,31,"{'Number': 1, 'Name': 'Good'}"
2018-10-03,0,PST,San Francisco,CA,37.75,-122.43,OZONE,27,"{'Number': 1, 'Name': 'Good'}"
2018-10-04,0,PST,San Francisco,CA,37.75,-122.43,OZONE,31,"{'Number': 1, 'Name': 'Good'}"
2018-10-04,0,PST,San Francisco,CA,37.75,-122.43,PM2.5,11,"{'Number': 1, 'Name': 'Good'}"
2018-10-05,0,PST,San Francisco,CA,37.75,-122.43,OZONE,27,"{'Number': 1, 'Name': 'Good'}"
2018-10-05,0,PST,San Francisco,CA,37.75,-122.43,PM2.5,35,"{'Number': 1, 'Name': 'Good'}"
2018-10-06,0,PST,San Francisco,CA,37.75,-122.43,OZONE,28,"{'Number': 1, 'Name': 'Good'}"
2018-10-06,0,PST,San Francisco,CA,37.75,-122.43,PM2.5,31,"{'Number': 1, 'Name': 'Good'}"
2018-10-07,0,PST,San Francisco,CA,37.75,-122.43,OZONE,32,"{'Number': 1, 'Name': 'Good'}"
2018-10-07,0,PST,San Francisco,CA,37.75,-122.43,PM2.5,46,"{'Number': 1, 'Name': 'Good'}"
2018-10-08,0,PST,San Francisco,CA,37.75,-122.43,OZONE,26,"{'Number': 1, 'Name': 'Good'}"
2018-10-08,0,PST,San Francisco,CA,37.75,-122.43,PM2.5,41,"{'Number': 1, 'Name': 'Good'}"
2018-10-09,0,PST,San Francisco,CA,37.75,-122.43,OZONE,28,"{'Number': 1, 'Name': 'Good'}"
2018-10-09,0,PST,San Francisco,CA,37.75,-122.43,PM2.5,35,"{'Number': 1, 'Name': 'Good'}"
2018-10-10,0,PST,San Francisco,CA,37.75,-122.43,PM2.5,44,"{'Number': 1, 'Name': 'Good'}"
2018-10-11,0,PST,San Francisco,CA,37.75,-122.43,OZONE,31,"{'Number': 1, 'Name': 'Good'}"
2018-10-11,0,PST,San Francisco,CA,37.75,-122.43,PM2.5,41,"{'Number': 1, 'Name': 'Good'}"
2018-10-12,0,PST,San Francisco,CA,37.75,-122.43,OZONE,27,"{'Number': 1, 'Name': 'Good'}"
2018-10-12,0,PST,San Francisco,CA,37.75,-122.43,PM2.5,36,"{'Number': 1, 'Name': 'Good'}"
2018-10-13,0,PST,San Francisco,CA,37.75,-122.43,OZONE,31,"{'Number': 1, 'Name': 'Good'}"
2018-10-13,0,PST,San Francisco,CA,37.75,-122.43,PM2.5,52,"{'Number': 2, 'Name': 'Moderate'}"
2018-10-14,0,PST,San Francisco,CA,37.75,-122.43,OZONE,31,"{'Number': 1, 'Name': 'Good'}"
2018-10-14,0,PST,San Francisco,CA,37.75,-122.43,PM2.5,55,"{'Number': 2, 'Name': 'Moderate'}"
2018-10-15,0,PST,San Francisco,CA,37.75,-122.43,OZONE,38,"{'Number': 1, 'Name': 'Good'}"
2018-10-15,0,PST,San Francisco,CA,37.75,-122.43,PM2.5,39,"{'Number': 1, 'Name': 'Good'}"
2018-10-16,0,PST,San Francisco,CA,37.75,-122.43,OZONE,31,"{'Number': 1, 'Name': 'Good'}"
2018-10-16,0,PST,San Francisco,CA,37.75,-122.43,PM2.5,52,"{'Number': 2, 'Name': 'Moderate'}"
2018-10-17,0,PST,San Francisco,CA,37.75,-122.43,OZONE,35,"{'Number': 1, 'Name': 'Good'}"
2018-10-17,0,PST,San Francisco,CA,37.75,-122.43,PM2.5,67,"{'Number': 2, 'Name': 'Moderate'}"
2018-10-18,0,PST,San Francisco,CA,37.75,-122.43,OZONE,30,"{'Number': 1, 'Name': 'Good'}"
2018-10-18,0,PST,San Francisco,CA,37.75,-122.43,PM2.5,59,"{'Number': 2, 'Name': 'Moderate'}"
2018-10-19,0,PST,San Francisco,CA,37.75,-122.43,OZONE,33,"{'Number': 1, 'Name': 'Good'}"
2018-10-19,0,PST,San Francisco,CA,37.75,-122.43,PM2.5,64,"{'Number': 2, 'Name': 'Moderate'}"
2018-10-20,0,PST,San Francisco,CA,37.75,-122.43,OZONE,35,"{'Number': 1, 'Name': 'Good'}"
2018-10-20,0,PST,San Francisco,CA,37.75,-122.43,PM2.5,59,"{'Number': 2, 'Name': 'Moderate'}"
2018-10-21,0,PST,San Francisco,CA,37.75,-122.43,OZONE,37,"{'Number': 1, 'Name': 'Good'}"
2018-10-21,0,PST,San Francisco,CA,37.75,-122.43,PM2.5,55,"{'Number': 2, 'Name': 'Moderate'}"
2018-10-22,0,PST,San Francisco,CA,37.75,-122.43,OZONE,37,"{'Number': 1, 'Name': 'Good'}"
2018-10-23,0,PST,San Francisco,CA,37.75,-122.43,OZONE,34,"{'Number': 1, 'Name': 'Good'}"
2018-10-24,0,PST,San Francisco,CA,37.75,-122.43,OZONE,23,"{'Number': 1, 'Name': 'Good'}"
2018-10-25,0,PST,San Francisco,CA,37.75,-122.43,OZONE,25,"{'Number': 1, 'Name': 'Good'}"
2018-10-26,0,PST,San Francisco,CA,37.75,-122.43,OZONE,21,"{'Number': 1, 'Name': 'Good'}"
2018-10-26,0,PST,San Francisco,CA,37.75,-122.43,PM2.5,39,"{'Number': 1, 'Name': 'Good'}"
2018-10-27,0,PST,San Francisco,CA,37.75,-122.43,OZONE,14,"{'Number': 1, 'Name': 'Good'}"
2018-10-27,0,PST,San Francisco,CA,37.75,-122.43,PM2.5,13,"{'Number': 1, 'Name': 'Good'}"
2018-10-28,0,PST,San Francisco,CA,37.75,-122.43,OZONE,30,"{'Number': 1, 'Name': 'Good'}"
2018-10-28,0,PST,San Francisco,CA,37.75,-122.43,PM2.5,26,"{'Number': 1, 'Name': 'Good'}"
2018-10-29,0,PST,San Francisco,CA,37.75,-122.43,OZONE,30,"{'Number': 1, 'Name': 'Good'}"
2018-10-29,0,PST,San Francisco,CA,37.75,-122.43,PM2.5,40,"{'Number': 1, 'Name': 'Good'}"
2018-10-30,0,PST,San Francisco,CA,37.75,-122.43,OZONE,25,"{'Number': 1, 'Name': 'Good'}"
2018-10-30,0,PST,San Francisco,CA,37.75,-122.43,PM2.5,49,"{'Number': 1, 'Name': 'Good'}"
2018-10-31,0,PST,San Francisco,CA,37.75,-122.43,OZONE,20,"{'Number': 1, 'Name': 'Good'}"
2018-10-31,0,PST,San Francisco,CA,37.75,-122.43,PM2.5,58,"{'Number': 2, 'Name': 'Moderate'}"
2018-11-01,0,PST,San Francisco,CA,37.75,-122.43,OZONE,22,"{'Number': 1, 'Name': 'Good'}"
2018-11-01,0,PST,San Francisco,CA,37.75,-122.43,PM2.5,55,"{'Number': 2, 'Name': 'Moderate'}"
2018-11-02,0,PST,San Francisco,CA,37.75,-122.43,OZONE,18,"{'Number': 1, 'Name': 'Good'}"
2018-11-02,0,PST,San Francisco,CA,37.75,-122.43,PM2.5,56,"{'Number': 2, 'Name': 'Moderate'}"
2018-11-03,0,PST,San Francisco,CA,37.75,-122.43,OZONE,19,"{'Number': 1, 'Name': 'Good'}"
2018-11-03,0,PST,San Francisco,CA,37.75,-122.43,PM2.5,56,"{'Number': 2, 'Name': 'Moderate'}"
2018-11-04,0,PST,San Francisco,CA,37.75,-122.43,OZONE,31,"{'Number': 1, 'Name': 'Good'}"
2018-11-04,0,PST,San Francisco,CA,37.75,-122.43,PM2.5,55,"{'Number': 2, 'Name': 'Moderate'}"
2018-11-05,0,PST,San Francisco,CA,37.75,-122.43,OZONE,25,"{'Number': 1, 'Name': 'Good'}"
2018-11-05,0,PST,San Francisco,CA,37.75,-122.43,PM2.5,53,"{'Number': 2, 'Name': 'Moderate'}"
2018-11-06,0,PST,San Francisco,CA,37.75,-122.43,OZONE,21,"{'Number': 1, 'Name': 'Good'}"
2018-11-06,0,PST,San Francisco,CA,37.75,-122.43,PM2.5,55,"{'Number': 2, 'Name': 'Moderate'}"
2018-11-07,0,PST,San Francisco,CA,37.75,-122.43,OZONE,26,"{'Number': 1, 'Name': 'Good'}"
2018-11-07,0,PST,San Francisco,CA,37.75,-122.43,PM2.5,58,"{'Number': 2, 'Name': 'Moderate'}"
2018-11-08,0,PST,San Francisco,CA,37.75,-122.43,PM2.5,79,"{'Number': 2, 'Name': 'Moderate'}"
2018-11-09,0,PST,San Francisco,CA,37.75,-122.43,OZONE,33,"{'Number': 1, 'Name': 'Good'}"
2018-11-09,0,PST,San Francisco,CA,37.75,-122.43,PM2.5,158,"{'Number': 4, 'Name': 'Unhealthy'}"
2018-11-10,0,PST,San Francisco,CA,37.75,-122.43,OZONE,28,"{'Number': 1, 'Name': 'Good'}"
2018-11-10,0,PST,San Francisco,CA,37.75,-122.43,PM2.5,180,"{'Number': 4, 'Name': 'Unhealthy'}"
2018-11-11,0,PST,San Francisco,CA,37.75,-122.43,OZONE,45,"{'Number': 1, 'Name': 'Good'}"
2018-11-11,0,PST,San Francisco,CA,37.75,-122.43,PM2.5,173,"{'Number': 4, 'Name': 'Unhealthy'}"
2018-11-12,0,PST,San Francisco,CA,37.75,-122.43,OZONE,44,"{'Number': 1, 'Name': 'Good'}"
2018-11-12,0,PST,San Francisco,CA,37.75,-122.43,PM2.5,170,"{'Number': 4, 'Name': 'Unhealthy'}"
2018-11-13,0,PST,San Francisco,CA,37.75,-122.43,OZONE,31,"{'Number': 1, 'Name': 'Good'}"
2018-11-13,0,PST,San Francisco,CA,37.75,-122.43,PM2.5,169,"{'Number': 4, 'Name': 'Unhealthy'}"
2018-11-14,0,PST,San Francisco,CA,37.75,-122.43,OZONE,32,"{'Number': 1, 'Name': 'Good'}"
2018-11-14,0,PST,San Francisco,CA,37.75,-122.43,PM2.5,181,"{'Number': 4, 'Name': 'Unhealthy'}"
2018-11-15,0,PST,San Francisco,CA,37.75,-122.43,OZONE,36,"{'Number': 1, 'Name': 'Good'}"
2018-11-15,0,PST,San Francisco,CA,37.75,-122.43,PM2.5,221,"{'Number': 5, 'Name': 'Very Unhealthy'}"
2018-11-16,0,PST,San Francisco,CA,37.75,-122.43,OZONE,26,"{'Number': 1, 'Name': 'Good'}"
2018-11-16,0,PST,San Francisco,CA,37.75,-122.43,PM2.5,252,"{'Number': 5, 'Name': 'Very Unhealthy'}"
2018-11-17,0,PST,San Francisco,CA,37.75,-122.43,OZONE,40,"{'Number': 1, 'Name': 'Good'}"
2018-11-17,0,PST,San Francisco,CA,37.75,-122.43,PM2.5,161,"{'Number': 4, 'Name': 'Unhealthy'}"
2018-11-18,0,PST,San Francisco,CA,37.75,-122.43,OZONE,30,"{'Number': 1, 'Name': 'Good'}"
2018-11-18,0,PST,San Francisco,CA,37.75,-122.43,PM2.5,151,"{'Number': 4, 'Name': 'Unhealthy'}"
2018-11-19,0,PST,San Francisco,CA,37.75,-122.43,OZONE,24,"{'Number': 1, 'Name': 'Good'}"
2018-11-19,0,PST,San Francisco,CA,37.75,-122.43,PM2.5,182,"{'Number': 4, 'Name': 'Unhealthy'}"
2018-11-20,0,PST,San Francisco,CA,37.75,-122.43,OZONE,26,"{'Number': 1, 'Name': 'Good'}"
2018-11-20,0,PST,San Francisco,CA,37.75,-122.43,PM2.5,158,"{'Number': 4, 'Name': 'Unhealthy'}"
2018-11-21,0,PST,San Francisco,CA,37.75,-122.43,OZONE,32,"{'Number': 1, 'Name': 'Good'}"
2018-11-21,0,PST,San Francisco,CA,37.75,-122.43,PM2.5,60,"{'Number': 2, 'Name': 'Moderate'}"
2018-11-22,0,PST,San Francisco,CA,37.75,-122.43,OZONE,34,"{'Number': 1, 'Name': 'Good'}"
2018-11-22,0,PST,San Francisco,CA,37.75,-122.43,PM2.5,13,"{'Number': 1, 'Name': 'Good'}"
2018-11-23,0,PST,San Francisco,CA,37.75,-122.43,OZONE,32,"{'Number': 1, 'Name': 'Good'}"
2018-11-23,0,PST,San Francisco,CA,37.75,-122.43,PM2.5,18,"{'Number': 1, 'Name': 'Good'}"
2018-11-24,0,PST,San Francisco,CA,37.75,-122.43,OZONE,31,"{'Number': 1, 'Name': 'Good'}"
2018-11-24,0,PST,San Francisco,CA,37.75,-122.43,PM2.5,22,"{'Number': 1, 'Name': 'Good'}"
2018-11-25,0,PST,San Francisco,CA,37.75,-122.43,OZONE,12,"{'Number': 1, 'Name': 'Good'}"
2018-11-25,0,PST,San Francisco,CA,37.75,-122.43,PM2.5,52,"{'Number': 2, 'Name': 'Moderate'}"
2018-11-26,0,PST,San Francisco,CA,37.75,-122.43,OZONE,13,"{'Number': 1, 'Name': 'Good'}"
2018-11-26,0,PST,San Francisco,CA,37.75,-122.43,PM2.5,53,"{'Number': 2, 'Name': 'Moderate'}"
2018-11-27,0,PST,San Francisco,CA,37.75,-122.43,OZONE,19,"{'Number': 1, 'Name': 'Good'}"
2018-11-27,0,PST,San Francisco,CA,37.75,-122.43,PM2.5,52,"{'Number': 2, 'Name': 'Moderate'}"
2018-11-28,0,PST,San Francisco,CA,37.75,-122.43,PM2.5,31,"{'Number': 1, 'Name': 'Good'}"
2018-11-29,0,PST,San Francisco,CA,37.75,-122.43,OZONE,36,"{'Number': 1, 'Name': 'Good'}"
2018-11-29,0,PST,San Francisco,CA,37.75,-122.43,PM2.5,36,"{'Number': 1, 'Name': 'Good'}"
2018-11-30,0,PST,San Francisco,CA,37.75,-122.43,OZONE,30,"{'Number': 1, 'Name': 'Good'}"
2018-11-30,0,PST,San Francisco,CA,37.75,-122.43,PM2.5,38,"{'Number': 1, 'Name': 'Good'}"
2018-12-01,0,PST,San Francisco,CA,37.75,-122.43,OZONE,35,"{'Number': 1, 'Name': 'Good'}"
2018-12-01,0,PST,San Francisco,CA,37.75,-122.43,PM2.5,26,"{'Number': 1, 'Name': 'Good'}"
2018-12-02,0,PST,San Francisco,CA,37.75,-122.43,OZONE,26,"{'Number': 1, 'Name': 'Good'}"
2018-12-02,0,PST,San Francisco,CA,37.75,-122.43,PM2.5,21,"{'Number': 1, 'Name': 'Good'}"
2018-12-03,0,PST,San Francisco,CA,37.75,-122.43,OZONE,19,"{'Number': 1, 'Name': 'Good'}"
2018-12-03,0,PST,San Francisco,CA,37.75,-122.43,PM2.5,32,"{'Number': 1, 'Name': 'Good'}"
2018-12-04,0,PST,San Francisco,CA,37.75,-122.43,OZONE,20,"{'Number': 1, 'Name': 'Good'}"
2018-12-04,0,PST,San Francisco,CA,37.75,-122.43,PM2.5,53,"{'Number': 2, 'Name': 'Moderate'}"
2018-12-05,0,PST,San Francisco,CA,37.75,-122.43,OZONE,23,"{'Number': 1, 'Name': 'Good'}"
2018-12-05,0,PST,San Francisco,CA,37.75,-122.43,PM2.5,38,"{'Number': 1, 'Name': 'Good'}"
2018-12-06,0,PST,San Francisco,CA,37.75,-122.43,OZONE,21,"{'Number': 1, 'Name': 'Good'}"
2018-12-06,0,PST,San Francisco,CA,37.75,-122.43,PM2.5,44,"{'Number': 1, 'Name': 'Good'}"
2018-12-07,0,PST,San Francisco,CA,37.75,-122.43,OZONE,14,"{'Number': 1, 'Name': 'Good'}"
2018-12-07,0,PST,San Francisco,CA,37.75,-122.43,PM2.5,57,"{'Number': 2, 'Name': 'Moderate'}"
2018-12-08,0,PST,San Francisco,CA,37.75,-122.43,OZONE,22,"{'Number': 1, 'Name': 'Good'}"
2018-12-08,0,PST,San Francisco,CA,37.75,-122.43,PM2.5,69,"{'Number': 2, 'Name': 'Moderate'}"
2018-12-09,0,PST,San Francisco,CA,37.75,-122.43,OZONE,12,"{'Number': 1, 'Name': 'Good'}"
2018-12-09,0,PST,San Francisco,CA,37.75,-122.43,PM2.5,90,"{'Number': 2, 'Name': 'Moderate'}"
2018-12-10,0,PST,San Francisco,CA,37.75,-122.43,OZONE,14,"{'Number': 1, 'Name': 'Good'}"
2018-12-10,0,PST,San Francisco,CA,37.75,-122.43,PM2.5,74,"{'Number': 2, 'Name': 'Moderate'}"
2018-12-11,0,PST,San Francisco,CA,37.75,-122.43,OZONE,10,"{'Number': 1, 'Name': 'Good'}"
2018-12-11,0,PST,San Francisco,CA,37.75,-122.43,PM2.5,56,"{'Number': 2, 'Name': 'Moderate'}"
2018-12-12,0,PST,San Francisco,CA,37.75,-122.43,OZONE,20,"{'Number': 1, 'Name': 'Good'}"
2018-12-12,0,PST,San Francisco,CA,37.75,-122.43,PM2.5,55,"{'Number': 2, 'Name': 'Moderate'}"
2018-12-13,0,PST,San Francisco,CA,37.75,-122.43,OZONE,20,"{'Number': 1, 'Name': 'Good'}"
2018-12-13,0,PST,San Francisco,CA,37.75,-122.43,PM2.5,61,"{'Number': 2, 'Name': 'Moderate'}"
2018-12-14,0,PST,San Francisco,CA,37.75,-122.43,OZONE,33,"{'Number': 1, 'Name': 'Good'}"
2018-12-14,0,PST,San Francisco,CA,37.75,-122.43,PM2.5,67,"{'Number': 2, 'Name': 'Moderate'}"
2018-12-15,0,PST,San Francisco,CA,37.75,-122.43,OZONE,22,"{'Number': 1, 'Name': 'Good'}"
2018-12-15,0,PST,San Francisco,CA,37.75,-122.43,PM2.5,53,"{'Number': 2, 'Name': 'Moderate'}"
2018-12-16,0,PST,San Francisco,CA,37.75,-122.43,OZONE,31,"{'Number': 1, 'Name': 'Good'}"
2018-12-16,0,PST,San Francisco,CA,37.75,-122.43,PM2.5,24,"{'Number': 1, 'Name': 'Good'}"
2018-12-17,0,PST,San Francisco,CA,37.75,-122.43,OZONE,25,"{'Number': 1, 'Name': 'Good'}"
2018-12-17,0,PST,San Francisco,CA,37.75,-122.43,PM2.5,47,"{'Number': 1, 'Name': 'Good'}"
2018-12-18,0,PST,San Francisco,CA,37.75,-122.43,OZONE,20,"{'Number': 1, 'Name': 'Good'}"
2018-12-18,0,PST,San Francisco,CA,37.75,-122.43,PM2.5,48,"{'Number': 1, 'Name': 'Good'}"
2018-12-19,0,PST,San Francisco,CA,37.75,-122.43,OZONE,16,"{'Number': 1, 'Name': 'Good'}"
2018-12-19,0,PST,San Francisco,CA,37.75,-122.43,PM2.5,43,"{'Number': 1, 'Name': 'Good'}"
2018-12-20,0,PST,San Francisco,CA,37.75,-122.43,OZONE,8,"{'Number': 1, 'Name': 'Good'}"
2018-12-20,0,PST,San Francisco,CA,37.75,-122.43,PM2.5,69,"{'Number': 2, 'Name': 'Moderate'}"
2018-12-21,0,PST,San Francisco,CA,37.75,-122.43,OZONE,9,"{'Number': 1, 'Name': 'Good'}"
2018-12-21,0,PST,San Francisco,CA,37.75,-122.43,PM2.5,56,"{'Number': 2, 'Name': 'Moderate'}"
2018-12-22,0,PST,San Francisco,CA,37.75,-122.43,OZONE,17,"{'Number': 1, 'Name': 'Good'}"
2018-12-22,0,PST,San Francisco,CA,37.75,-122.43,PM2.5,36,"{'Number': 1, 'Name': 'Good'}"
2018-12-23,0,PST,San Francisco,CA,37.75,-122.43,OZONE,13,"{'Number': 1, 'Name': 'Good'}"
2018-12-23,0,PST,San Francisco,CA,37.75,-122.43,PM2.5,47,"{'Number': 1, 'Name': 'Good'}"
2018-12-24,0,PST,San Francisco,CA,37.75,-122.43,OZONE,36,"{'Number': 1, 'Name': 'Good'}"
2018-12-24,0,PST,San Francisco,CA,37.75,-122.43,PM2.5,48,"{'Number': 1, 'Name': 'Good'}"
2018-12-25,0,PST,San Francisco,CA,37.75,-122.43,OZONE,27,"{'Number': 1, 'Name': 'Good'}"
2018-12-25,0,PST,San Francisco,CA,37.75,-122.43,PM2.5,27,"{'Number': 1, 'Name': 'Good'}"
2018-12-26,0,PST,San Francisco,CA,37.75,-122.43,OZONE,22,"{'Number': 1, 'Name': 'Good'}"
2018-12-26,0,PST,San Francisco,CA,37.75,-122.43,PM2.5,24,"{'Number': 1, 'Name': 'Good'}"
2018-12-27,0,PST,San Francisco,CA,37.75,-122.43,OZONE,30,"{'Number': 1, 'Name': 'Good'}"
2018-12-27,0,PST,San Francisco,CA,37.75,-122.43,PM2.5,17,"{'Number': 1, 'Name': 'Good'}"
2018-12-28,0,PST,San Francisco,CA,37.75,-122.43,OZONE,29,"{'Number': 1, 'Name': 'Good'}"
2018-12-28,0,PST,San Francisco,CA,37.75,-122.43,PM2.5,31,"{'Number': 1, 'Name': 'Good'}"
2018-12-29,0,PST,San Francisco,CA,37.75,-122.43,OZONE,21,"{'Number': 1, 'Name': 'Good'}"
2018-12-29,0,PST,San Francisco,CA,37.75,-122.43,PM2.5,43,"{'Number': 1, 'Name': 'Good'}"
2018-12-30,0,PST,San Francisco,CA,37.75,-122.43,OZONE,31,"{'Number': 1, 'Name': 'Good'}"
2018-12-30,0,PST,San Francisco,CA,37.75,-122.43,PM2.5,52,"{'Number': 2, 'Name': 'Moderate'}"
2018-12-31,0,PST,San Francisco,CA,37.75,-122.43,OZONE,30,"{'Number': 1, 'Name': 'Good'}"
2018-12-31,0,PST,San Francisco,CA,37.75,-122.43,PM2.5,14,"{'Number': 1, 'Name': 'Good'}"
